Code Domaine,Domaine,Code zone (FAO),Zone,Code Élément,Élément,Code Produit,Produit,Code année,Année,Unité,Valeur,Symbole,Description du Symbole,Note
"FS","Données de la sécurité alimentaire","2","Afghanistan","6128","Valeur","21056","Besoins énergétiques alimentaires minimaux (kcal/personne/jour)","2017","2017","Kcal/personne/jour","1676","F","Estimation FAO",""
"FS","Données de la sécurité alimentaire","2","Afghanistan","6128","Valeur","21057","Besoins énergétiques alimentaires moyens (kcal/personne/jour)","2017","2017","Kcal/personne/jour","2134","F","Estimation FAO",""
"FS","Données de la sécurité alimentaire","202","Afrique du Sud","6128","Valeur","21056","Besoins énergétiques alimentaires minimaux (kcal/personne/jour)","2017","2017","Kcal/personne/jour","1859","F","Estimation FAO",""
"FS","Données de la sécurité alimentaire","202","Afrique du Sud","6128","Valeur","21057","Besoins énergétiques alimentaires moyens (kcal/personne/jour)","2017","2017","Kcal/personne/jour","2406","F","Estimation FAO",""
"FS","Données de la sécurité alimentaire","3","Albanie","6128","Valeur","21056","Besoins énergétiques alimentaires minimaux (kcal/personne/jour)","2017","2017","Kcal/personne/jour","1911","F","Estimation FAO",""
"FS","Données de la sécurité alimentaire","3","Albanie","6128","Valeur","21057","Besoins énergétiques alimentaires moyens (kcal/personne/jour)","2017","2017","Kcal/personne/jour","2490","F","Estimation FAO",""
"FS","Données de la sécurité alimentaire","4","Algérie","6128","Valeur","21056","Besoins énergétiques alimentaires minimaux (kcal/personne/jour)","2017","2017","Kcal/personne/jour","1781","F","Estimation FAO",""
"FS","Données de la sécurité alimentaire","4","Algérie","6128","Valeur","21057","Besoins énergétiques alimentaires moyens (kcal/personne/jour)","2017","2017","Kcal/personne/jour","2289","F","Estimation FAO",""
"FS","Données de la sécurité alimentaire","79","Allemagne","6128","Valeur","21056","Besoins énergétiques alimentaires minimaux (kcal/personne/jour)","2017","2017","Kcal/personne/jour","1948","F","Estimation FAO",""
"FS","Données de la sécurité alimentaire","79","Allemagne","6128","Valeur","21057","Besoins énergétiques alimentaires moyens (kcal/personne/jour)","2017","2017","Kcal/personne/jour","2545","F","Estimation FAO",""
"FS","Données de la sécurité alimentaire","6","Andorre","6128","Valeur","21056","Besoins énergétiques alimentaires minimaux (kcal/personne/jour)","2017","2017","Kcal/personne/jour","","F","Estimation FAO",""
"FS","Données de la sécurité alimentaire","6","Andorre","6128","Valeur","21057","Besoins énergétiques alimentaires moyens (kcal/personne/jour)","2017","2017","Kcal/personne/jour","","F","Estimation FAO",""
"FS","Données de la sécurité alimentaire","7","Angola","6128","Valeur","21056","Besoins énergétiques alimentaires minimaux (kcal/personne/jour)","2017","2017","Kcal/personne/jour","1659","F","Estimation FAO",""
"FS","Données de la sécurité alimentaire","7","Angola","6128","Valeur","21057","Besoins énergétiques alimentaires moyens (kcal/personne/jour)","2017","2017","Kcal/personne/jour","2105","F","Estimation FAO",""
"FS","Données de la sécurité alimentaire","8","Antigua-et-Barbuda","6128","Valeur","21056","Besoins énergétiques alimentaires minimaux (kcal/personne/jour)","2017","2017","Kcal/personne/jour","1888","F","Estimation FAO",""
"FS","Données de la sécurité alimentaire","8","Antigua-et-Barbuda","6128","Valeur","21057","Besoins énergétiques alimentaires moyens (kcal/personne/jour)","2017","2017","Kcal/personne/jour","2449","F","Estimation FAO",""
"FS","Données de la sécurité alimentaire","194","Arabie saoudite","6128","Valeur","21056","Besoins énergétiques alimentaires minimaux (kcal/personne/jour)","2017","2017","Kcal/personne/jour","1870","F","Estimation FAO",""
"FS","Données de la sécurité alimentaire","194","Arabie saoudite","6128","Valeur","21057","Besoins énergétiques alimentaires moyens (kcal/personne/jour)","2017","2017","Kcal/personne/jour","2419","F","Estimation FAO",""
"FS","Données de la sécurité alimentaire","9","Argentine","6128","Valeur","21056","Besoins énergétiques alimentaires minimaux (kcal/personne/jour)","2017","2017","Kcal/personne/jour","1861","F","Estimation FAO",""
"FS","Données de la sécurité alimentaire","9","Argentine","6128","Valeur","21057","Besoins énergétiques alimentaires moyens (kcal/personne/jour)","2017","2017","Kcal/personne/jour","2412","F","Estimation FAO",""
"FS","Données de la sécurité alimentaire","1","Arménie","6128","Valeur","21056","Besoins énergétiques alimentaires minimaux (kcal/personne/jour)","2017","2017","Kcal/personne/jour","1875","F","Estimation FAO",""
"FS","Données de la sécurité alimentaire","1","Arménie","6128","Valeur","21057","Besoins énergétiques alimentaires moyens (kcal/personne/jour)","2017","2017","Kcal/personne/jour","2433","F","Estimation FAO",""
"FS","Données de la sécurité alimentaire","10","Australie","6128","Valeur","21056","Besoins énergétiques alimentaires minimaux (kcal/personne/jour)","2017","2017","Kcal/personne/jour","1911","F","Estimation FAO",""
"FS","Données de la sécurité alimentaire","10","Australie","6128","Valeur","21057","Besoins énergétiques alimentaires moyens (kcal/personne/jour)","2017","2017","Kcal/personne/jour","2486","F","Estimation FAO",""
"FS","Données de la sécurité alimentaire","11","Autriche","6128","Valeur","21056","Besoins énergétiques alimentaires minimaux (kcal/personne/jour)","2017","2017","Kcal/personne/jour","1945","F","Estimation FAO",""
"FS","Données de la sécurité alimentaire","11","Autriche","6128","Valeur","21057","Besoins énergétiques alimentaires moyens (kcal/personne/jour)","2017","2017","Kcal/personne/jour","2539","F","Estimation FAO",""
"FS","Données de la sécurité alimentaire","52","Azerbaïdjan","6128","Valeur","21056","Besoins énergétiques alimentaires minimaux (kcal/personne/jour)","2017","2017","Kcal/personne/jour","1862","F","Estimation FAO",""
"FS","Données de la sécurité alimentaire","52","Azerbaïdjan","6128","Valeur","21057","Besoins énergétiques alimentaires moyens (kcal/personne/jour)","2017","2017","Kcal/personne/jour","2407","F","Estimation FAO",""
"FS","Données de la sécurité alimentaire","12","Bahamas","6128","Valeur","21056","Besoins énergétiques alimentaires minimaux (kcal/personne/jour)","2017","2017","Kcal/personne/jour","1901","F","Estimation FAO",""
"FS","Données de la sécurité alimentaire","12","Bahamas","6128","Valeur","21057","Besoins énergétiques alimentaires moyens (kcal/personne/jour)","2017","2017","Kcal/personne/jour","2468","F","Estimation FAO",""
"FS","Données de la sécurité alimentaire","13","Bahreïn","6128","Valeur","21056","Besoins énergétiques alimentaires minimaux (kcal/personne/jour)","2017","2017","Kcal/personne/jour","1944","F","Estimation FAO",""
"FS","Données de la sécurité alimentaire","13","Bahreïn","6128","Valeur","21057","Besoins énergétiques alimentaires moyens (kcal/personne/jour)","2017","2017","Kcal/personne/jour","2527","F","Estimation FAO",""
"FS","Données de la sécurité alimentaire","16","Bangladesh","6128","Valeur","21056","Besoins énergétiques alimentaires minimaux (kcal/personne/jour)","2017","2017","Kcal/personne/jour","1782","F","Estimation FAO",""
"FS","Données de la sécurité alimentaire","16","Bangladesh","6128","Valeur","21057","Besoins énergétiques alimentaires moyens (kcal/personne/jour)","2017","2017","Kcal/personne/jour","2295","F","Estimation FAO",""
"FS","Données de la sécurité alimentaire","14","Barbade","6128","Valeur","21056","Besoins énergétiques alimentaires minimaux (kcal/personne/jour)","2017","2017","Kcal/personne/jour","1908","F","Estimation FAO",""
"FS","Données de la sécurité alimentaire","14","Barbade","6128","Valeur","21057","Besoins énergétiques alimentaires moyens (kcal/personne/jour)","2017","2017","Kcal/personne/jour","2483","F","Estimation FAO",""
"FS","Données de la sécurité alimentaire","57","Bélarus","6128","Valeur","21056","Besoins énergétiques alimentaires minimaux (kcal/personne/jour)","2017","2017","Kcal/personne/jour","1892","F","Estimation FAO",""
"FS","Données de la sécurité alimentaire","57","Bélarus","6128","Valeur","21057","Besoins énergétiques alimentaires moyens (kcal/personne/jour)","2017","2017","Kcal/personne/jour","2456","F","Estimation FAO",""
"FS","Données de la sécurité alimentaire","255","Belgique","6128","Valeur","21056","Besoins énergétiques alimentaires minimaux (kcal/personne/jour)","2017","2017","Kcal/personne/jour","1946","F","Estimation FAO",""
"FS","Données de la sécurité alimentaire","255","Belgique","6128","Valeur","21057","Besoins énergétiques alimentaires moyens (kcal/personne/jour)","2017","2017","Kcal/personne/jour","2539","F","Estimation FAO",""
"FS","Données de la sécurité alimentaire","23","Belize","6128","Valeur","21056","Besoins énergétiques alimentaires minimaux (kcal/personne/jour)","2017","2017","Kcal/personne/jour","1765","F","Estimation FAO",""
"FS","Données de la sécurité alimentaire","23","Belize","6128","Valeur","21057","Besoins énergétiques alimentaires moyens (kcal/personne/jour)","2017","2017","Kcal/personne/jour","2273","F","Estimation FAO",""
"FS","Données de la sécurité alimentaire","53","Bénin","6128","Valeur","21056","Besoins énergétiques alimentaires minimaux (kcal/personne/jour)","2017","2017","Kcal/personne/jour","1723","F","Estimation FAO",""
"FS","Données de la sécurité alimentaire","53","Bénin","6128","Valeur","21057","Besoins énergétiques alimentaires moyens (kcal/personne/jour)","2017","2017","Kcal/personne/jour","2199","F","Estimation FAO",""
"FS","Données de la sécurité alimentaire","17","Bermudes","6128","Valeur","21056","Besoins énergétiques alimentaires minimaux (kcal/personne/jour)","2017","2017","Kcal/personne/jour","1909","F","Estimation FAO",""
"FS","Données de la sécurité alimentaire","17","Bermudes","6128","Valeur","21057","Besoins énergétiques alimentaires moyens (kcal/personne/jour)","2017","2017","Kcal/personne/jour","1909","F","Estimation FAO",""
"FS","Données de la sécurité alimentaire","18","Bhoutan","6128","Valeur","21056","Besoins énergétiques alimentaires minimaux (kcal/personne/jour)","2017","2017","Kcal/personne/jour","1808","F","Estimation FAO",""
"FS","Données de la sécurité alimentaire","18","Bhoutan","6128","Valeur","21057","Besoins énergétiques alimentaires moyens (kcal/personne/jour)","2017","2017","Kcal/personne/jour","2336","F","Estimation FAO",""
"FS","Données de la sécurité alimentaire","19","Bolivie (État plurinational de)","6128","Valeur","21056","Besoins énergétiques alimentaires minimaux (kcal/personne/jour)","2017","2017","Kcal/personne/jour","1755","F","Estimation FAO",""
"FS","Données de la sécurité alimentaire","19","Bolivie (État plurinational de)","6128","Valeur","21057","Besoins énergétiques alimentaires moyens (kcal/personne/jour)","2017","2017","Kcal/personne/jour","2256","F","Estimation FAO",""
"FS","Données de la sécurité alimentaire","80","Bosnie-Herzégovine","6128","Valeur","21056","Besoins énergétiques alimentaires minimaux (kcal/personne/jour)","2017","2017","Kcal/personne/jour","1928","F","Estimation FAO",""
"FS","Données de la sécurité alimentaire","80","Bosnie-Herzégovine","6128","Valeur","21057","Besoins énergétiques alimentaires moyens (kcal/personne/jour)","2017","2017","Kcal/personne/jour","2509","F","Estimation FAO",""
"FS","Données de la sécurité alimentaire","20","Botswana","6128","Valeur","21056","Besoins énergétiques alimentaires minimaux (kcal/personne/jour)","2017","2017","Kcal/personne/jour","1801","F","Estimation FAO",""
"FS","Données de la sécurité alimentaire","20","Botswana","6128","Valeur","21057","Besoins énergétiques alimentaires moyens (kcal/personne/jour)","2017","2017","Kcal/personne/jour","2316","F","Estimation FAO",""
"FS","Données de la sécurité alimentaire","21","Brésil","6128","Valeur","21056","Besoins énergétiques alimentaires minimaux (kcal/personne/jour)","2017","2017","Kcal/personne/jour","1886","F","Estimation FAO",""
"FS","Données de la sécurité alimentaire","21","Brésil","6128","Valeur","21057","Besoins énergétiques alimentaires moyens (kcal/personne/jour)","2017","2017","Kcal/personne/jour","2446","F","Estimation FAO",""
"FS","Données de la sécurité alimentaire","26","Brunéi Darussalam","6128","Valeur","21056","Besoins énergétiques alimentaires minimaux (kcal/personne/jour)","2017","2017","Kcal/personne/jour","1854","F","Estimation FAO",""
"FS","Données de la sécurité alimentaire","26","Brunéi Darussalam","6128","Valeur","21057","Besoins énergétiques alimentaires moyens (kcal/personne/jour)","2017","2017","Kcal/personne/jour","2398","F","Estimation FAO",""
"FS","Données de la sécurité alimentaire","27","Bulgarie","6128","Valeur","21056","Besoins énergétiques alimentaires minimaux (kcal/personne/jour)","2017","2017","Kcal/personne/jour","1914","F","Estimation FAO",""
"FS","Données de la sécurité alimentaire","27","Bulgarie","6128","Valeur","21057","Besoins énergétiques alimentaires moyens (kcal/personne/jour)","2017","2017","Kcal/personne/jour","2491","F","Estimation FAO",""
"FS","Données de la sécurité alimentaire","233","Burkina Faso","6128","Valeur","21056","Besoins énergétiques alimentaires minimaux (kcal/personne/jour)","2017","2017","Kcal/personne/jour","1725","F","Estimation FAO",""
"FS","Données de la sécurité alimentaire","233","Burkina Faso","6128","Valeur","21057","Besoins énergétiques alimentaires moyens (kcal/personne/jour)","2017","2017","Kcal/personne/jour","2200","F","Estimation FAO",""
"FS","Données de la sécurité alimentaire","29","Burundi","6128","Valeur","21056","Besoins énergétiques alimentaires minimaux (kcal/personne/jour)","2017","2017","Kcal/personne/jour","1657","F","Estimation FAO",""
"FS","Données de la sécurité alimentaire","29","Burundi","6128","Valeur","21057","Besoins énergétiques alimentaires moyens (kcal/personne/jour)","2017","2017","Kcal/personne/jour","2103","F","Estimation FAO",""
"FS","Données de la sécurité alimentaire","35","Cabo Verde","6128","Valeur","21056","Besoins énergétiques alimentaires minimaux (kcal/personne/jour)","2017","2017","Kcal/personne/jour","1850","F","Estimation FAO",""
"FS","Données de la sécurité alimentaire","35","Cabo Verde","6128","Valeur","21057","Besoins énergétiques alimentaires moyens (kcal/personne/jour)","2017","2017","Kcal/personne/jour","2392","F","Estimation FAO",""
"FS","Données de la sécurité alimentaire","115","Cambodge","6128","Valeur","21056","Besoins énergétiques alimentaires minimaux (kcal/personne/jour)","2017","2017","Kcal/personne/jour","1763","F","Estimation FAO",""
"FS","Données de la sécurité alimentaire","115","Cambodge","6128","Valeur","21057","Besoins énergétiques alimentaires moyens (kcal/personne/jour)","2017","2017","Kcal/personne/jour","2265","F","Estimation FAO",""
"FS","Données de la sécurité alimentaire","32","Cameroun","6128","Valeur","21056","Besoins énergétiques alimentaires minimaux (kcal/personne/jour)","2017","2017","Kcal/personne/jour","1740","F","Estimation FAO",""
"FS","Données de la sécurité alimentaire","32","Cameroun","6128","Valeur","21057","Besoins énergétiques alimentaires moyens (kcal/personne/jour)","2017","2017","Kcal/personne/jour","2223","F","Estimation FAO",""
"FS","Données de la sécurité alimentaire","33","Canada","6128","Valeur","21056","Besoins énergétiques alimentaires minimaux (kcal/personne/jour)","2017","2017","Kcal/personne/jour","1921","F","Estimation FAO",""
"FS","Données de la sécurité alimentaire","33","Canada","6128","Valeur","21057","Besoins énergétiques alimentaires moyens (kcal/personne/jour)","2017","2017","Kcal/personne/jour","2504","F","Estimation FAO",""
"FS","Données de la sécurité alimentaire","40","Chili","6128","Valeur","21056","Besoins énergétiques alimentaires minimaux (kcal/personne/jour)","2017","2017","Kcal/personne/jour","1876","F","Estimation FAO",""
"FS","Données de la sécurité alimentaire","40","Chili","6128","Valeur","21057","Besoins énergétiques alimentaires moyens (kcal/personne/jour)","2017","2017","Kcal/personne/jour","2435","F","Estimation FAO",""
"FS","Données de la sécurité alimentaire","351","Chine","6128","Valeur","21056","Besoins énergétiques alimentaires minimaux (kcal/personne/jour)","2017","2017","Kcal/personne/jour","1883","F","Estimation FAO",""
"FS","Données de la sécurité alimentaire","351","Chine","6128","Valeur","21057","Besoins énergétiques alimentaires moyens (kcal/personne/jour)","2017","2017","Kcal/personne/jour","2443","F","Estimation FAO",""
"FS","Données de la sécurité alimentaire","96","Chine - RAS de Hong-Kong","6128","Valeur","21056","Besoins énergétiques alimentaires minimaux (kcal/personne/jour)","2017","2017","Kcal/personne/jour","1885","F","Estimation FAO",""
"FS","Données de la sécurité alimentaire","96","Chine - RAS de Hong-Kong","6128","Valeur","21057","Besoins énergétiques alimentaires moyens (kcal/personne/jour)","2017","2017","Kcal/personne/jour","2449","F","Estimation FAO",""
"FS","Données de la sécurité alimentaire","128","Chine - RAS de Macao","6128","Valeur","21056","Besoins énergétiques alimentaires minimaux (kcal/personne/jour)","2017","2017","Kcal/personne/jour","1893","F","Estimation FAO",""
"FS","Données de la sécurité alimentaire","128","Chine - RAS de Macao","6128","Valeur","21057","Besoins énergétiques alimentaires moyens (kcal/personne/jour)","2017","2017","Kcal/personne/jour","2460","F","Estimation FAO",""
"FS","Données de la sécurité alimentaire","41","Chine, continentale","6128","Valeur","21056","Besoins énergétiques alimentaires minimaux (kcal/personne/jour)","2017","2017","Kcal/personne/jour","1883","F","Estimation FAO",""
"FS","Données de la sécurité alimentaire","41","Chine, continentale","6128","Valeur","21057","Besoins énergétiques alimentaires moyens (kcal/personne/jour)","2017","2017","Kcal/personne/jour","2443","F","Estimation FAO",""
"FS","Données de la sécurité alimentaire","214","Chine, Taiwan Province de","6128","Valeur","21056","Besoins énergétiques alimentaires minimaux (kcal/personne/jour)","2017","2017","Kcal/personne/jour","1901","F","Estimation FAO",""
"FS","Données de la sécurité alimentaire","214","Chine, Taiwan Province de","6128","Valeur","21057","Besoins énergétiques alimentaires moyens (kcal/personne/jour)","2017","2017","Kcal/personne/jour","2473","F","Estimation FAO",""
"FS","Données de la sécurité alimentaire","50","Chypre","6128","Valeur","21056","Besoins énergétiques alimentaires minimaux (kcal/personne/jour)","2017","2017","Kcal/personne/jour","1942","F","Estimation FAO",""
"FS","Données de la sécurité alimentaire","50","Chypre","6128","Valeur","21057","Besoins énergétiques alimentaires moyens (kcal/personne/jour)","2017","2017","Kcal/personne/jour","2534","F","Estimation FAO",""
"FS","Données de la sécurité alimentaire","44","Colombie","6128","Valeur","21056","Besoins énergétiques alimentaires minimaux (kcal/personne/jour)","2017","2017","Kcal/personne/jour","1819","F","Estimation FAO",""
"FS","Données de la sécurité alimentaire","44","Colombie","6128","Valeur","21057","Besoins énergétiques alimentaires moyens (kcal/personne/jour)","2017","2017","Kcal/personne/jour","2350","F","Estimation FAO",""
"FS","Données de la sécurité alimentaire","45","Comores","6128","Valeur","21056","Besoins énergétiques alimentaires minimaux (kcal/personne/jour)","2017","2017","Kcal/personne/jour","","F","Estimation FAO",""
"FS","Données de la sécurité alimentaire","45","Comores","6128","Valeur","21057","Besoins énergétiques alimentaires moyens (kcal/personne/jour)","2017","2017","Kcal/personne/jour","","F","Estimation FAO",""
"FS","Données de la sécurité alimentaire","46","Congo","6128","Valeur","21056","Besoins énergétiques alimentaires minimaux (kcal/personne/jour)","2017","2017","Kcal/personne/jour","1736","F","Estimation FAO",""
"FS","Données de la sécurité alimentaire","46","Congo","6128","Valeur","21057","Besoins énergétiques alimentaires moyens (kcal/personne/jour)","2017","2017","Kcal/personne/jour","2217","F","Estimation FAO",""
"FS","Données de la sécurité alimentaire","48","Costa Rica","6128","Valeur","21056","Besoins énergétiques alimentaires minimaux (kcal/personne/jour)","2017","2017","Kcal/personne/jour","1879","F","Estimation FAO",""
"FS","Données de la sécurité alimentaire","48","Costa Rica","6128","Valeur","21057","Besoins énergétiques alimentaires moyens (kcal/personne/jour)","2017","2017","Kcal/personne/jour","2438","F","Estimation FAO",""
"FS","Données de la sécurité alimentaire","107","Côte d'Ivoire","6128","Valeur","21056","Besoins énergétiques alimentaires minimaux (kcal/personne/jour)","2017","2017","Kcal/personne/jour","1730","F","Estimation FAO",""
"FS","Données de la sécurité alimentaire","107","Côte d'Ivoire","6128","Valeur","21057","Besoins énergétiques alimentaires moyens (kcal/personne/jour)","2017","2017","Kcal/personne/jour","2212","F","Estimation FAO",""
"FS","Données de la sécurité alimentaire","98","Croatie","6128","Valeur","21056","Besoins énergétiques alimentaires minimaux (kcal/personne/jour)","2017","2017","Kcal/personne/jour","1912","F","Estimation FAO",""
"FS","Données de la sécurité alimentaire","98","Croatie","6128","Valeur","21057","Besoins énergétiques alimentaires moyens (kcal/personne/jour)","2017","2017","Kcal/personne/jour","2489","F","Estimation FAO",""
"FS","Données de la sécurité alimentaire","49","Cuba","6128","Valeur","21056","Besoins énergétiques alimentaires minimaux (kcal/personne/jour)","2017","2017","Kcal/personne/jour","1881","F","Estimation FAO",""
"FS","Données de la sécurité alimentaire","49","Cuba","6128","Valeur","21057","Besoins énergétiques alimentaires moyens (kcal/personne/jour)","2017","2017","Kcal/personne/jour","2441","F","Estimation FAO",""
"FS","Données de la sécurité alimentaire","54","Danemark","6128","Valeur","21056","Besoins énergétiques alimentaires minimaux (kcal/personne/jour)","2017","2017","Kcal/personne/jour","1953","F","Estimation FAO",""
"FS","Données de la sécurité alimentaire","54","Danemark","6128","Valeur","21057","Besoins énergétiques alimentaires moyens (kcal/personne/jour)","2017","2017","Kcal/personne/jour","2551","F","Estimation FAO",""
"FS","Données de la sécurité alimentaire","72","Djibouti","6128","Valeur","21056","Besoins énergétiques alimentaires minimaux (kcal/personne/jour)","2017","2017","Kcal/personne/jour","1861","F","Estimation FAO",""
"FS","Données de la sécurité alimentaire","72","Djibouti","6128","Valeur","21057","Besoins énergétiques alimentaires moyens (kcal/personne/jour)","2017","2017","Kcal/personne/jour","2407","F","Estimation FAO",""
"FS","Données de la sécurité alimentaire","55","Dominique","6128","Valeur","21056","Besoins énergétiques alimentaires minimaux (kcal/personne/jour)","2017","2017","Kcal/personne/jour","1895","F","Estimation FAO",""
"FS","Données de la sécurité alimentaire","55","Dominique","6128","Valeur","21057","Besoins énergétiques alimentaires moyens (kcal/personne/jour)","2017","2017","Kcal/personne/jour","1895","F","Estimation FAO",""
"FS","Données de la sécurité alimentaire","59","Égypte","6128","Valeur","21056","Besoins énergétiques alimentaires minimaux (kcal/personne/jour)","2017","2017","Kcal/personne/jour","1796","F","Estimation FAO",""
"FS","Données de la sécurité alimentaire","59","Égypte","6128","Valeur","21057","Besoins énergétiques alimentaires moyens (kcal/personne/jour)","2017","2017","Kcal/personne/jour","2312","F","Estimation FAO",""
"FS","Données de la sécurité alimentaire","60","El Salvador","6128","Valeur","21056","Besoins énergétiques alimentaires minimaux (kcal/personne/jour)","2017","2017","Kcal/personne/jour","1767","F","Estimation FAO",""
"FS","Données de la sécurité alimentaire","60","El Salvador","6128","Valeur","21057","Besoins énergétiques alimentaires moyens (kcal/personne/jour)","2017","2017","Kcal/personne/jour","2278","F","Estimation FAO",""
"FS","Données de la sécurité alimentaire","225","Émirats arabes unis","6128","Valeur","21056","Besoins énergétiques alimentaires minimaux (kcal/personne/jour)","2017","2017","Kcal/personne/jour","2045","F","Estimation FAO",""
"FS","Données de la sécurité alimentaire","225","Émirats arabes unis","6128","Valeur","21057","Besoins énergétiques alimentaires moyens (kcal/personne/jour)","2017","2017","Kcal/personne/jour","2667","F","Estimation FAO",""
"FS","Données de la sécurité alimentaire","58","Équateur","6128","Valeur","21056","Besoins énergétiques alimentaires minimaux (kcal/personne/jour)","2017","2017","Kcal/personne/jour","1778","F","Estimation FAO",""
"FS","Données de la sécurité alimentaire","58","Équateur","6128","Valeur","21057","Besoins énergétiques alimentaires moyens (kcal/personne/jour)","2017","2017","Kcal/personne/jour","2289","F","Estimation FAO",""
"FS","Données de la sécurité alimentaire","178","Érythrée","6128","Valeur","21056","Besoins énergétiques alimentaires minimaux (kcal/personne/jour)","2017","2017","Kcal/personne/jour","1725","F","Estimation FAO",""
"FS","Données de la sécurité alimentaire","178","Érythrée","6128","Valeur","21057","Besoins énergétiques alimentaires moyens (kcal/personne/jour)","2017","2017","Kcal/personne/jour","2203","F","Estimation FAO",""
"FS","Données de la sécurité alimentaire","203","Espagne","6128","Valeur","21056","Besoins énergétiques alimentaires minimaux (kcal/personne/jour)","2017","2017","Kcal/personne/jour","1923","F","Estimation FAO",""
"FS","Données de la sécurité alimentaire","203","Espagne","6128","Valeur","21057","Besoins énergétiques alimentaires moyens (kcal/personne/jour)","2017","2017","Kcal/personne/jour","2501","F","Estimation FAO",""
"FS","Données de la sécurité alimentaire","63","Estonie","6128","Valeur","21056","Besoins énergétiques alimentaires minimaux (kcal/personne/jour)","2017","2017","Kcal/personne/jour","1949","F","Estimation FAO",""
"FS","Données de la sécurité alimentaire","63","Estonie","6128","Valeur","21057","Besoins énergétiques alimentaires moyens (kcal/personne/jour)","2017","2017","Kcal/personne/jour","2541","F","Estimation FAO",""
"FS","Données de la sécurité alimentaire","209","Eswatini","6128","Valeur","21056","Besoins énergétiques alimentaires minimaux (kcal/personne/jour)","2017","2017","Kcal/personne/jour","1772","F","Estimation FAO",""
"FS","Données de la sécurité alimentaire","209","Eswatini","6128","Valeur","21057","Besoins énergétiques alimentaires moyens (kcal/personne/jour)","2017","2017","Kcal/personne/jour","2275","F","Estimation FAO",""
"FS","Données de la sécurité alimentaire","231","États-Unis d'Amérique","6128","Valeur","21056","Besoins énergétiques alimentaires minimaux (kcal/personne/jour)","2017","2017","Kcal/personne/jour","1952","F","Estimation FAO",""
"FS","Données de la sécurité alimentaire","231","États-Unis d'Amérique","6128","Valeur","21057","Besoins énergétiques alimentaires moyens (kcal/personne/jour)","2017","2017","Kcal/personne/jour","2548","F","Estimation FAO",""
"FS","Données de la sécurité alimentaire","238","Éthiopie","6128","Valeur","21056","Besoins énergétiques alimentaires minimaux (kcal/personne/jour)","2017","2017","Kcal/personne/jour","1728","F","Estimation FAO",""
"FS","Données de la sécurité alimentaire","238","Éthiopie","6128","Valeur","21057","Besoins énergétiques alimentaires moyens (kcal/personne/jour)","2017","2017","Kcal/personne/jour","2210","F","Estimation FAO",""
"FS","Données de la sécurité alimentaire","185","Fédération de Russie","6128","Valeur","21056","Besoins énergétiques alimentaires minimaux (kcal/personne/jour)","2017","2017","Kcal/personne/jour","1893","F","Estimation FAO",""
"FS","Données de la sécurité alimentaire","185","Fédération de Russie","6128","Valeur","21057","Besoins énergétiques alimentaires moyens (kcal/personne/jour)","2017","2017","Kcal/personne/jour","2457","F","Estimation FAO",""
"FS","Données de la sécurité alimentaire","66","Fidji","6128","Valeur","21056","Besoins énergétiques alimentaires minimaux (kcal/personne/jour)","2017","2017","Kcal/personne/jour","1829","F","Estimation FAO",""
"FS","Données de la sécurité alimentaire","66","Fidji","6128","Valeur","21057","Besoins énergétiques alimentaires moyens (kcal/personne/jour)","2017","2017","Kcal/personne/jour","2360","F","Estimation FAO",""
"FS","Données de la sécurité alimentaire","67","Finlande","6128","Valeur","21056","Besoins énergétiques alimentaires minimaux (kcal/personne/jour)","2017","2017","Kcal/personne/jour","1950","F","Estimation FAO",""
"FS","Données de la sécurité alimentaire","67","Finlande","6128","Valeur","21057","Besoins énergétiques alimentaires moyens (kcal/personne/jour)","2017","2017","Kcal/personne/jour","2546","F","Estimation FAO",""
"FS","Données de la sécurité alimentaire","68","France","6128","Valeur","21056","Besoins énergétiques alimentaires minimaux (kcal/personne/jour)","2017","2017","Kcal/personne/jour","1913","F","Estimation FAO",""
"FS","Données de la sécurité alimentaire","68","France","6128","Valeur","21057","Besoins énergétiques alimentaires moyens (kcal/personne/jour)","2017","2017","Kcal/personne/jour","2490","F","Estimation FAO",""
"FS","Données de la sécurité alimentaire","74","Gabon","6128","Valeur","21056","Besoins énergétiques alimentaires minimaux (kcal/personne/jour)","2017","2017","Kcal/personne/jour","1773","F","Estimation FAO",""
"FS","Données de la sécurité alimentaire","74","Gabon","6128","Valeur","21057","Besoins énergétiques alimentaires moyens (kcal/personne/jour)","2017","2017","Kcal/personne/jour","2275","F","Estimation FAO",""
"FS","Données de la sécurité alimentaire","75","Gambie","6128","Valeur","21056","Besoins énergétiques alimentaires minimaux (kcal/personne/jour)","2017","2017","Kcal/personne/jour","1740","F","Estimation FAO",""
"FS","Données de la sécurité alimentaire","75","Gambie","6128","Valeur","21057","Besoins énergétiques alimentaires moyens (kcal/personne/jour)","2017","2017","Kcal/personne/jour","2222","F","Estimation FAO",""
"FS","Données de la sécurité alimentaire","73","Géorgie","6128","Valeur","21056","Besoins énergétiques alimentaires minimaux (kcal/personne/jour)","2017","2017","Kcal/personne/jour","1895","F","Estimation FAO",""
"FS","Données de la sécurité alimentaire","73","Géorgie","6128","Valeur","21057","Besoins énergétiques alimentaires moyens (kcal/personne/jour)","2017","2017","Kcal/personne/jour","2458","F","Estimation FAO",""
"FS","Données de la sécurité alimentaire","81","Ghana","6128","Valeur","21056","Besoins énergétiques alimentaires minimaux (kcal/personne/jour)","2017","2017","Kcal/personne/jour","1781","F","Estimation FAO",""
"FS","Données de la sécurité alimentaire","81","Ghana","6128","Valeur","21057","Besoins énergétiques alimentaires moyens (kcal/personne/jour)","2017","2017","Kcal/personne/jour","2285","F","Estimation FAO",""
"FS","Données de la sécurité alimentaire","84","Grèce","6128","Valeur","21056","Besoins énergétiques alimentaires minimaux (kcal/personne/jour)","2017","2017","Kcal/personne/jour","1936","F","Estimation FAO",""
"FS","Données de la sécurité alimentaire","84","Grèce","6128","Valeur","21057","Besoins énergétiques alimentaires moyens (kcal/personne/jour)","2017","2017","Kcal/personne/jour","2524","F","Estimation FAO",""
"FS","Données de la sécurité alimentaire","86","Grenade","6128","Valeur","21056","Besoins énergétiques alimentaires minimaux (kcal/personne/jour)","2017","2017","Kcal/personne/jour","1884","F","Estimation FAO",""
"FS","Données de la sécurité alimentaire","86","Grenade","6128","Valeur","21057","Besoins énergétiques alimentaires moyens (kcal/personne/jour)","2017","2017","Kcal/personne/jour","2444","F","Estimation FAO",""
"FS","Données de la sécurité alimentaire","85","Groenland","6128","Valeur","21056","Besoins énergétiques alimentaires minimaux (kcal/personne/jour)","2017","2017","Kcal/personne/jour","","F","Estimation FAO",""
"FS","Données de la sécurité alimentaire","85","Groenland","6128","Valeur","21057","Besoins énergétiques alimentaires moyens (kcal/personne/jour)","2017","2017","Kcal/personne/jour","","F","Estimation FAO",""
"FS","Données de la sécurité alimentaire","89","Guatemala","6128","Valeur","21056","Besoins énergétiques alimentaires minimaux (kcal/personne/jour)","2017","2017","Kcal/personne/jour","1696","F","Estimation FAO",""
"FS","Données de la sécurité alimentaire","89","Guatemala","6128","Valeur","21057","Besoins énergétiques alimentaires moyens (kcal/personne/jour)","2017","2017","Kcal/personne/jour","2170","F","Estimation FAO",""
"FS","Données de la sécurité alimentaire","90","Guinée","6128","Valeur","21056","Besoins énergétiques alimentaires minimaux (kcal/personne/jour)","2017","2017","Kcal/personne/jour","1712","F","Estimation FAO",""
"FS","Données de la sécurité alimentaire","90","Guinée","6128","Valeur","21057","Besoins énergétiques alimentaires moyens (kcal/personne/jour)","2017","2017","Kcal/personne/jour","2185","F","Estimation FAO",""
"FS","Données de la sécurité alimentaire","61","Guinée équatoriale","6128","Valeur","21056","Besoins énergétiques alimentaires minimaux (kcal/personne/jour)","2017","2017","Kcal/personne/jour","1796","F","Estimation FAO",""
"FS","Données de la sécurité alimentaire","61","Guinée équatoriale","6128","Valeur","21057","Besoins énergétiques alimentaires moyens (kcal/personne/jour)","2017","2017","Kcal/personne/jour","2308","F","Estimation FAO",""
"FS","Données de la sécurité alimentaire","175","Guinée-Bissau","6128","Valeur","21056","Besoins énergétiques alimentaires minimaux (kcal/personne/jour)","2017","2017","Kcal/personne/jour","","F","Estimation FAO",""
"FS","Données de la sécurité alimentaire","175","Guinée-Bissau","6128","Valeur","21057","Besoins énergétiques alimentaires moyens (kcal/personne/jour)","2017","2017","Kcal/personne/jour","","F","Estimation FAO",""
"FS","Données de la sécurité alimentaire","91","Guyana","6128","Valeur","21056","Besoins énergétiques alimentaires minimaux (kcal/personne/jour)","2017","2017","Kcal/personne/jour","1806","F","Estimation FAO",""
"FS","Données de la sécurité alimentaire","91","Guyana","6128","Valeur","21057","Besoins énergétiques alimentaires moyens (kcal/personne/jour)","2017","2017","Kcal/personne/jour","2329","F","Estimation FAO",""
"FS","Données de la sécurité alimentaire","93","Haïti","6128","Valeur","21056","Besoins énergétiques alimentaires minimaux (kcal/personne/jour)","2017","2017","Kcal/personne/jour","1808","F","Estimation FAO",""
"FS","Données de la sécurité alimentaire","93","Haïti","6128","Valeur","21057","Besoins énergétiques alimentaires moyens (kcal/personne/jour)","2017","2017","Kcal/personne/jour","2329","F","Estimation FAO",""
"FS","Données de la sécurité alimentaire","95","Honduras","6128","Valeur","21056","Besoins énergétiques alimentaires minimaux (kcal/personne/jour)","2017","2017","Kcal/personne/jour","1772","F","Estimation FAO",""
"FS","Données de la sécurité alimentaire","95","Honduras","6128","Valeur","21057","Besoins énergétiques alimentaires moyens (kcal/personne/jour)","2017","2017","Kcal/personne/jour","2280","F","Estimation FAO",""
"FS","Données de la sécurité alimentaire","97","Hongrie","6128","Valeur","21056","Besoins énergétiques alimentaires minimaux (kcal/personne/jour)","2017","2017","Kcal/personne/jour","1938","F","Estimation FAO",""
"FS","Données de la sécurité alimentaire","97","Hongrie","6128","Valeur","21057","Besoins énergétiques alimentaires moyens (kcal/personne/jour)","2017","2017","Kcal/personne/jour","2528","F","Estimation FAO",""
"FS","Données de la sécurité alimentaire","47","Îles Cook","6128","Valeur","21056","Besoins énergétiques alimentaires minimaux (kcal/personne/jour)","2017","2017","Kcal/personne/jour","","F","Estimation FAO",""
"FS","Données de la sécurité alimentaire","47","Îles Cook","6128","Valeur","21057","Besoins énergétiques alimentaires moyens (kcal/personne/jour)","2017","2017","Kcal/personne/jour","","F","Estimation FAO",""
"FS","Données de la sécurité alimentaire","127","Îles Marshall","6128","Valeur","21056","Besoins énergétiques alimentaires minimaux (kcal/personne/jour)","2017","2017","Kcal/personne/jour","","F","Estimation FAO",""
"FS","Données de la sécurité alimentaire","127","Îles Marshall","6128","Valeur","21057","Besoins énergétiques alimentaires moyens (kcal/personne/jour)","2017","2017","Kcal/personne/jour","","F","Estimation FAO",""
"FS","Données de la sécurité alimentaire","25","Îles Salomon","6128","Valeur","21056","Besoins énergétiques alimentaires minimaux (kcal/personne/jour)","2017","2017","Kcal/personne/jour","1694","F","Estimation FAO",""
"FS","Données de la sécurité alimentaire","25","Îles Salomon","6128","Valeur","21057","Besoins énergétiques alimentaires moyens (kcal/personne/jour)","2017","2017","Kcal/personne/jour","2158","F","Estimation FAO",""
"FS","Données de la sécurité alimentaire","100","Inde","6128","Valeur","21056","Besoins énergétiques alimentaires minimaux (kcal/personne/jour)","2017","2017","Kcal/personne/jour","1791","F","Estimation FAO",""
"FS","Données de la sécurité alimentaire","100","Inde","6128","Valeur","21057","Besoins énergétiques alimentaires moyens (kcal/personne/jour)","2017","2017","Kcal/personne/jour","2307","F","Estimation FAO",""
"FS","Données de la sécurité alimentaire","101","Indonésie","6128","Valeur","21056","Besoins énergétiques alimentaires minimaux (kcal/personne/jour)","2017","2017","Kcal/personne/jour","1782","F","Estimation FAO",""
"FS","Données de la sécurité alimentaire","101","Indonésie","6128","Valeur","21057","Besoins énergétiques alimentaires moyens (kcal/personne/jour)","2017","2017","Kcal/personne/jour","2291","F","Estimation FAO",""
"FS","Données de la sécurité alimentaire","102","Iran (République islamique d')","6128","Valeur","21056","Besoins énergétiques alimentaires minimaux (kcal/personne/jour)","2017","2017","Kcal/personne/jour","1836","F","Estimation FAO",""
"FS","Données de la sécurité alimentaire","102","Iran (République islamique d')","6128","Valeur","21057","Besoins énergétiques alimentaires moyens (kcal/personne/jour)","2017","2017","Kcal/personne/jour","2371","F","Estimation FAO",""
"FS","Données de la sécurité alimentaire","103","Iraq","6128","Valeur","21056","Besoins énergétiques alimentaires minimaux (kcal/personne/jour)","2017","2017","Kcal/personne/jour","1766","F","Estimation FAO",""
"FS","Données de la sécurité alimentaire","103","Iraq","6128","Valeur","21057","Besoins énergétiques alimentaires moyens (kcal/personne/jour)","2017","2017","Kcal/personne/jour","2267","F","Estimation FAO",""
"FS","Données de la sécurité alimentaire","104","Irlande","6128","Valeur","21056","Besoins énergétiques alimentaires minimaux (kcal/personne/jour)","2017","2017","Kcal/personne/jour","1901","F","Estimation FAO",""
"FS","Données de la sécurité alimentaire","104","Irlande","6128","Valeur","21057","Besoins énergétiques alimentaires moyens (kcal/personne/jour)","2017","2017","Kcal/personne/jour","2465","F","Estimation FAO",""
"FS","Données de la sécurité alimentaire","99","Islande","6128","Valeur","21056","Besoins énergétiques alimentaires minimaux (kcal/personne/jour)","2017","2017","Kcal/personne/jour","1942","F","Estimation FAO",""
"FS","Données de la sécurité alimentaire","99","Islande","6128","Valeur","21057","Besoins énergétiques alimentaires moyens (kcal/personne/jour)","2017","2017","Kcal/personne/jour","2531","F","Estimation FAO",""
"FS","Données de la sécurité alimentaire","105","Israël","6128","Valeur","21056","Besoins énergétiques alimentaires minimaux (kcal/personne/jour)","2017","2017","Kcal/personne/jour","1778","F","Estimation FAO",""
"FS","Données de la sécurité alimentaire","105","Israël","6128","Valeur","21057","Besoins énergétiques alimentaires moyens (kcal/personne/jour)","2017","2017","Kcal/personne/jour","2289","F","Estimation FAO",""
"FS","Données de la sécurité alimentaire","106","Italie","6128","Valeur","21056","Besoins énergétiques alimentaires minimaux (kcal/personne/jour)","2017","2017","Kcal/personne/jour","1933","F","Estimation FAO",""
"FS","Données de la sécurité alimentaire","106","Italie","6128","Valeur","21057","Besoins énergétiques alimentaires moyens (kcal/personne/jour)","2017","2017","Kcal/personne/jour","2521","F","Estimation FAO",""
"FS","Données de la sécurité alimentaire","109","Jamaïque","6128","Valeur","21056","Besoins énergétiques alimentaires minimaux (kcal/personne/jour)","2017","2017","Kcal/personne/jour","1883","F","Estimation FAO",""
"FS","Données de la sécurité alimentaire","109","Jamaïque","6128","Valeur","21057","Besoins énergétiques alimentaires moyens (kcal/personne/jour)","2017","2017","Kcal/personne/jour","2445","F","Estimation FAO",""
"FS","Données de la sécurité alimentaire","110","Japon","6128","Valeur","21056","Besoins énergétiques alimentaires minimaux (kcal/personne/jour)","2017","2017","Kcal/personne/jour","1858","F","Estimation FAO",""
"FS","Données de la sécurité alimentaire","110","Japon","6128","Valeur","21057","Besoins énergétiques alimentaires moyens (kcal/personne/jour)","2017","2017","Kcal/personne/jour","2414","F","Estimation FAO",""
"FS","Données de la sécurité alimentaire","112","Jordanie","6128","Valeur","21056","Besoins énergétiques alimentaires minimaux (kcal/personne/jour)","2017","2017","Kcal/personne/jour","1805","F","Estimation FAO",""
"FS","Données de la sécurité alimentaire","112","Jordanie","6128","Valeur","21057","Besoins énergétiques alimentaires moyens (kcal/personne/jour)","2017","2017","Kcal/personne/jour","2322","F","Estimation FAO",""
"FS","Données de la sécurité alimentaire","108","Kazakhstan","6128","Valeur","21056","Besoins énergétiques alimentaires minimaux (kcal/personne/jour)","2017","2017","Kcal/personne/jour","1823","F","Estimation FAO",""
"FS","Données de la sécurité alimentaire","108","Kazakhstan","6128","Valeur","21057","Besoins énergétiques alimentaires moyens (kcal/personne/jour)","2017","2017","Kcal/personne/jour","2341","F","Estimation FAO",""
"FS","Données de la sécurité alimentaire","114","Kenya","6128","Valeur","21056","Besoins énergétiques alimentaires minimaux (kcal/personne/jour)","2017","2017","Kcal/personne/jour","1724","F","Estimation FAO",""
"FS","Données de la sécurité alimentaire","114","Kenya","6128","Valeur","21057","Besoins énergétiques alimentaires moyens (kcal/personne/jour)","2017","2017","Kcal/personne/jour","2205","F","Estimation FAO",""
"FS","Données de la sécurité alimentaire","113","Kirghizistan","6128","Valeur","21056","Besoins énergétiques alimentaires minimaux (kcal/personne/jour)","2017","2017","Kcal/personne/jour","1805","F","Estimation FAO",""
"FS","Données de la sécurité alimentaire","113","Kirghizistan","6128","Valeur","21057","Besoins énergétiques alimentaires moyens (kcal/personne/jour)","2017","2017","Kcal/personne/jour","2323","F","Estimation FAO",""
"FS","Données de la sécurité alimentaire","83","Kiribati","6128","Valeur","21056","Besoins énergétiques alimentaires minimaux (kcal/personne/jour)","2017","2017","Kcal/personne/jour","1716","F","Estimation FAO",""
"FS","Données de la sécurité alimentaire","83","Kiribati","6128","Valeur","21057","Besoins énergétiques alimentaires moyens (kcal/personne/jour)","2017","2017","Kcal/personne/jour","2195","F","Estimation FAO",""
"FS","Données de la sécurité alimentaire","118","Koweït","6128","Valeur","21056","Besoins énergétiques alimentaires minimaux (kcal/personne/jour)","2017","2017","Kcal/personne/jour","1913","F","Estimation FAO",""
"FS","Données de la sécurité alimentaire","118","Koweït","6128","Valeur","21057","Besoins énergétiques alimentaires moyens (kcal/personne/jour)","2017","2017","Kcal/personne/jour","2474","F","Estimation FAO",""
"FS","Données de la sécurité alimentaire","122","Lesotho","6128","Valeur","21056","Besoins énergétiques alimentaires minimaux (kcal/personne/jour)","2017","2017","Kcal/personne/jour","1787","F","Estimation FAO",""
"FS","Données de la sécurité alimentaire","122","Lesotho","6128","Valeur","21057","Besoins énergétiques alimentaires moyens (kcal/personne/jour)","2017","2017","Kcal/personne/jour","2299","F","Estimation FAO",""
"FS","Données de la sécurité alimentaire","119","Lettonie","6128","Valeur","21056","Besoins énergétiques alimentaires minimaux (kcal/personne/jour)","2017","2017","Kcal/personne/jour","1886","F","Estimation FAO",""
"FS","Données de la sécurité alimentaire","119","Lettonie","6128","Valeur","21057","Besoins énergétiques alimentaires moyens (kcal/personne/jour)","2017","2017","Kcal/personne/jour","2452","F","Estimation FAO",""
"FS","Données de la sécurité alimentaire","121","Liban","6128","Valeur","21056","Besoins énergétiques alimentaires minimaux (kcal/personne/jour)","2017","2017","Kcal/personne/jour","1841","F","Estimation FAO",""
"FS","Données de la sécurité alimentaire","121","Liban","6128","Valeur","21057","Besoins énergétiques alimentaires moyens (kcal/personne/jour)","2017","2017","Kcal/personne/jour","2385","F","Estimation FAO",""
"FS","Données de la sécurité alimentaire","123","Libéria","6128","Valeur","21056","Besoins énergétiques alimentaires minimaux (kcal/personne/jour)","2017","2017","Kcal/personne/jour","1722","F","Estimation FAO",""
"FS","Données de la sécurité alimentaire","123","Libéria","6128","Valeur","21057","Besoins énergétiques alimentaires moyens (kcal/personne/jour)","2017","2017","Kcal/personne/jour","2201","F","Estimation FAO",""
"FS","Données de la sécurité alimentaire","124","Libye","6128","Valeur","21056","Besoins énergétiques alimentaires minimaux (kcal/personne/jour)","2017","2017","Kcal/personne/jour","1844","F","Estimation FAO",""
"FS","Données de la sécurité alimentaire","124","Libye","6128","Valeur","21057","Besoins énergétiques alimentaires moyens (kcal/personne/jour)","2017","2017","Kcal/personne/jour","2378","F","Estimation FAO",""
"FS","Données de la sécurité alimentaire","126","Lituanie","6128","Valeur","21056","Besoins énergétiques alimentaires minimaux (kcal/personne/jour)","2017","2017","Kcal/personne/jour","1894","F","Estimation FAO",""
"FS","Données de la sécurité alimentaire","126","Lituanie","6128","Valeur","21057","Besoins énergétiques alimentaires moyens (kcal/personne/jour)","2017","2017","Kcal/personne/jour","2464","F","Estimation FAO",""
"FS","Données de la sécurité alimentaire","256","Luxembourg","6128","Valeur","21056","Besoins énergétiques alimentaires minimaux (kcal/personne/jour)","2017","2017","Kcal/personne/jour","1973","F","Estimation FAO",""
"FS","Données de la sécurité alimentaire","256","Luxembourg","6128","Valeur","21057","Besoins énergétiques alimentaires moyens (kcal/personne/jour)","2017","2017","Kcal/personne/jour","2576","F","Estimation FAO",""
"FS","Données de la sécurité alimentaire","154","Macédoine du Nord","6128","Valeur","21056","Besoins énergétiques alimentaires minimaux (kcal/personne/jour)","2017","2017","Kcal/personne/jour","1925","F","Estimation FAO",""
"FS","Données de la sécurité alimentaire","154","Macédoine du Nord","6128","Valeur","21057","Besoins énergétiques alimentaires moyens (kcal/personne/jour)","2017","2017","Kcal/personne/jour","2505","F","Estimation FAO",""
"FS","Données de la sécurité alimentaire","129","Madagascar","6128","Valeur","21056","Besoins énergétiques alimentaires minimaux (kcal/personne/jour)","2017","2017","Kcal/personne/jour","1686","F","Estimation FAO",""
"FS","Données de la sécurité alimentaire","129","Madagascar","6128","Valeur","21057","Besoins énergétiques alimentaires moyens (kcal/personne/jour)","2017","2017","Kcal/personne/jour","2151","F","Estimation FAO",""
"FS","Données de la sécurité alimentaire","131","Malaisie","6128","Valeur","21056","Besoins énergétiques alimentaires minimaux (kcal/personne/jour)","2017","2017","Kcal/personne/jour","1838","F","Estimation FAO",""
"FS","Données de la sécurité alimentaire","131","Malaisie","6128","Valeur","21057","Besoins énergétiques alimentaires moyens (kcal/personne/jour)","2017","2017","Kcal/personne/jour","2380","F","Estimation FAO",""
"FS","Données de la sécurité alimentaire","130","Malawi","6128","Valeur","21056","Besoins énergétiques alimentaires minimaux (kcal/personne/jour)","2017","2017","Kcal/personne/jour","1695","F","Estimation FAO",""
"FS","Données de la sécurité alimentaire","130","Malawi","6128","Valeur","21057","Besoins énergétiques alimentaires moyens (kcal/personne/jour)","2017","2017","Kcal/personne/jour","2160","F","Estimation FAO",""
"FS","Données de la sécurité alimentaire","132","Maldives","6128","Valeur","21056","Besoins énergétiques alimentaires minimaux (kcal/personne/jour)","2017","2017","Kcal/personne/jour","1903","F","Estimation FAO",""
"FS","Données de la sécurité alimentaire","132","Maldives","6128","Valeur","21057","Besoins énergétiques alimentaires moyens (kcal/personne/jour)","2017","2017","Kcal/personne/jour","2470","F","Estimation FAO",""
"FS","Données de la sécurité alimentaire","133","Mali","6128","Valeur","21056","Besoins énergétiques alimentaires minimaux (kcal/personne/jour)","2017","2017","Kcal/personne/jour","1657","F","Estimation FAO",""
"FS","Données de la sécurité alimentaire","133","Mali","6128","Valeur","21057","Besoins énergétiques alimentaires moyens (kcal/personne/jour)","2017","2017","Kcal/personne/jour","2094","F","Estimation FAO",""
"FS","Données de la sécurité alimentaire","134","Malte","6128","Valeur","21056","Besoins énergétiques alimentaires minimaux (kcal/personne/jour)","2017","2017","Kcal/personne/jour","1935","F","Estimation FAO",""
"FS","Données de la sécurité alimentaire","134","Malte","6128","Valeur","21057","Besoins énergétiques alimentaires moyens (kcal/personne/jour)","2017","2017","Kcal/personne/jour","2526","F","Estimation FAO",""
"FS","Données de la sécurité alimentaire","143","Maroc","6128","Valeur","21056","Besoins énergétiques alimentaires minimaux (kcal/personne/jour)","2017","2017","Kcal/personne/jour","1833","F","Estimation FAO",""
"FS","Données de la sécurité alimentaire","143","Maroc","6128","Valeur","21057","Besoins énergétiques alimentaires moyens (kcal/personne/jour)","2017","2017","Kcal/personne/jour","2366","F","Estimation FAO",""
"FS","Données de la sécurité alimentaire","137","Maurice","6128","Valeur","21056","Besoins énergétiques alimentaires minimaux (kcal/personne/jour)","2017","2017","Kcal/personne/jour","1876","F","Estimation FAO",""
"FS","Données de la sécurité alimentaire","137","Maurice","6128","Valeur","21057","Besoins énergétiques alimentaires moyens (kcal/personne/jour)","2017","2017","Kcal/personne/jour","2437","F","Estimation FAO",""
"FS","Données de la sécurité alimentaire","136","Mauritanie","6128","Valeur","21056","Besoins énergétiques alimentaires minimaux (kcal/personne/jour)","2017","2017","Kcal/personne/jour","1748","F","Estimation FAO",""
"FS","Données de la sécurité alimentaire","136","Mauritanie","6128","Valeur","21057","Besoins énergétiques alimentaires moyens (kcal/personne/jour)","2017","2017","Kcal/personne/jour","2238","F","Estimation FAO",""
"FS","Données de la sécurité alimentaire","138","Mexique","6128","Valeur","21056","Besoins énergétiques alimentaires minimaux (kcal/personne/jour)","2017","2017","Kcal/personne/jour","1838","F","Estimation FAO",""
"FS","Données de la sécurité alimentaire","138","Mexique","6128","Valeur","21057","Besoins énergétiques alimentaires moyens (kcal/personne/jour)","2017","2017","Kcal/personne/jour","2378","F","Estimation FAO",""
"FS","Données de la sécurité alimentaire","145","Micronésie (États fédérés de)","6128","Valeur","21056","Besoins énergétiques alimentaires minimaux (kcal/personne/jour)","2017","2017","Kcal/personne/jour","1753","F","Estimation FAO",""
"FS","Données de la sécurité alimentaire","145","Micronésie (États fédérés de)","6128","Valeur","21057","Besoins énergétiques alimentaires moyens (kcal/personne/jour)","2017","2017","Kcal/personne/jour","2253","F","Estimation FAO",""
"FS","Données de la sécurité alimentaire","141","Mongolie","6128","Valeur","21056","Besoins énergétiques alimentaires minimaux (kcal/personne/jour)","2017","2017","Kcal/personne/jour","1796","F","Estimation FAO",""
"FS","Données de la sécurité alimentaire","141","Mongolie","6128","Valeur","21057","Besoins énergétiques alimentaires moyens (kcal/personne/jour)","2017","2017","Kcal/personne/jour","2311","F","Estimation FAO",""
"FS","Données de la sécurité alimentaire","273","Monténégro","6128","Valeur","21056","Besoins énergétiques alimentaires minimaux (kcal/personne/jour)","2017","2017","Kcal/personne/jour","1909","F","Estimation FAO",""
"FS","Données de la sécurité alimentaire","273","Monténégro","6128","Valeur","21057","Besoins énergétiques alimentaires moyens (kcal/personne/jour)","2017","2017","Kcal/personne/jour","2481","F","Estimation FAO",""
"FS","Données de la sécurité alimentaire","144","Mozambique","6128","Valeur","21056","Besoins énergétiques alimentaires minimaux (kcal/personne/jour)","2017","2017","Kcal/personne/jour","1678","F","Estimation FAO",""
"FS","Données de la sécurité alimentaire","144","Mozambique","6128","Valeur","21057","Besoins énergétiques alimentaires moyens (kcal/personne/jour)","2017","2017","Kcal/personne/jour","2135","F","Estimation FAO",""
"FS","Données de la sécurité alimentaire","28","Myanmar","6128","Valeur","21056","Besoins énergétiques alimentaires minimaux (kcal/personne/jour)","2017","2017","Kcal/personne/jour","1786","F","Estimation FAO",""
"FS","Données de la sécurité alimentaire","28","Myanmar","6128","Valeur","21057","Besoins énergétiques alimentaires moyens (kcal/personne/jour)","2017","2017","Kcal/personne/jour","2300","F","Estimation FAO",""
"FS","Données de la sécurité alimentaire","147","Namibie","6128","Valeur","21056","Besoins énergétiques alimentaires minimaux (kcal/personne/jour)","2017","2017","Kcal/personne/jour","1750","F","Estimation FAO",""
"FS","Données de la sécurité alimentaire","147","Namibie","6128","Valeur","21057","Besoins énergétiques alimentaires moyens (kcal/personne/jour)","2017","2017","Kcal/personne/jour","2254","F","Estimation FAO",""
"FS","Données de la sécurité alimentaire","148","Nauru","6128","Valeur","21056","Besoins énergétiques alimentaires minimaux (kcal/personne/jour)","2017","2017","Kcal/personne/jour","","F","Estimation FAO",""
"FS","Données de la sécurité alimentaire","148","Nauru","6128","Valeur","21057","Besoins énergétiques alimentaires moyens (kcal/personne/jour)","2017","2017","Kcal/personne/jour","","F","Estimation FAO",""
"FS","Données de la sécurité alimentaire","149","Népal","6128","Valeur","21056","Besoins énergétiques alimentaires minimaux (kcal/personne/jour)","2017","2017","Kcal/personne/jour","1740","F","Estimation FAO",""
"FS","Données de la sécurité alimentaire","149","Népal","6128","Valeur","21057","Besoins énergétiques alimentaires moyens (kcal/personne/jour)","2017","2017","Kcal/personne/jour","2238","F","Estimation FAO",""
"FS","Données de la sécurité alimentaire","157","Nicaragua","6128","Valeur","21056","Besoins énergétiques alimentaires minimaux (kcal/personne/jour)","2017","2017","Kcal/personne/jour","1779","F","Estimation FAO",""
"FS","Données de la sécurité alimentaire","157","Nicaragua","6128","Valeur","21057","Besoins énergétiques alimentaires moyens (kcal/personne/jour)","2017","2017","Kcal/personne/jour","2289","F","Estimation FAO",""
"FS","Données de la sécurité alimentaire","158","Niger","6128","Valeur","21056","Besoins énergétiques alimentaires minimaux (kcal/personne/jour)","2017","2017","Kcal/personne/jour","","F","Estimation FAO",""
"FS","Données de la sécurité alimentaire","158","Niger","6128","Valeur","21057","Besoins énergétiques alimentaires moyens (kcal/personne/jour)","2017","2017","Kcal/personne/jour","","F","Estimation FAO",""
"FS","Données de la sécurité alimentaire","159","Nigéria","6128","Valeur","21056","Besoins énergétiques alimentaires minimaux (kcal/personne/jour)","2017","2017","Kcal/personne/jour","1698","F","Estimation FAO",""
"FS","Données de la sécurité alimentaire","159","Nigéria","6128","Valeur","21057","Besoins énergétiques alimentaires moyens (kcal/personne/jour)","2017","2017","Kcal/personne/jour","2161","F","Estimation FAO",""
"FS","Données de la sécurité alimentaire","160","Nioué","6128","Valeur","21056","Besoins énergétiques alimentaires minimaux (kcal/personne/jour)","2017","2017","Kcal/personne/jour","","F","Estimation FAO",""
"FS","Données de la sécurité alimentaire","160","Nioué","6128","Valeur","21057","Besoins énergétiques alimentaires moyens (kcal/personne/jour)","2017","2017","Kcal/personne/jour","","F","Estimation FAO",""
"FS","Données de la sécurité alimentaire","162","Norvège","6128","Valeur","21056","Besoins énergétiques alimentaires minimaux (kcal/personne/jour)","2017","2017","Kcal/personne/jour","1954","F","Estimation FAO",""
"FS","Données de la sécurité alimentaire","162","Norvège","6128","Valeur","21057","Besoins énergétiques alimentaires moyens (kcal/personne/jour)","2017","2017","Kcal/personne/jour","2550","F","Estimation FAO",""
"FS","Données de la sécurité alimentaire","153","Nouvelle-Calédonie","6128","Valeur","21056","Besoins énergétiques alimentaires minimaux (kcal/personne/jour)","2017","2017","Kcal/personne/jour","1805","F","Estimation FAO",""
"FS","Données de la sécurité alimentaire","153","Nouvelle-Calédonie","6128","Valeur","21057","Besoins énergétiques alimentaires moyens (kcal/personne/jour)","2017","2017","Kcal/personne/jour","2328","F","Estimation FAO",""
"FS","Données de la sécurité alimentaire","156","Nouvelle-Zélande","6128","Valeur","21056","Besoins énergétiques alimentaires minimaux (kcal/personne/jour)","2017","2017","Kcal/personne/jour","1909","F","Estimation FAO",""
"FS","Données de la sécurité alimentaire","156","Nouvelle-Zélande","6128","Valeur","21057","Besoins énergétiques alimentaires moyens (kcal/personne/jour)","2017","2017","Kcal/personne/jour","2482","F","Estimation FAO",""
"FS","Données de la sécurité alimentaire","221","Oman","6128","Valeur","21056","Besoins énergétiques alimentaires minimaux (kcal/personne/jour)","2017","2017","Kcal/personne/jour","1930","F","Estimation FAO",""
"FS","Données de la sécurité alimentaire","221","Oman","6128","Valeur","21057","Besoins énergétiques alimentaires moyens (kcal/personne/jour)","2017","2017","Kcal/personne/jour","2505","F","Estimation FAO",""
"FS","Données de la sécurité alimentaire","226","Ouganda","6128","Valeur","21056","Besoins énergétiques alimentaires minimaux (kcal/personne/jour)","2017","2017","Kcal/personne/jour","1693","F","Estimation FAO",""
"FS","Données de la sécurité alimentaire","226","Ouganda","6128","Valeur","21057","Besoins énergétiques alimentaires moyens (kcal/personne/jour)","2017","2017","Kcal/personne/jour","2156","F","Estimation FAO",""
"FS","Données de la sécurité alimentaire","235","Ouzbékistan","6128","Valeur","21056","Besoins énergétiques alimentaires minimaux (kcal/personne/jour)","2017","2017","Kcal/personne/jour","1839","F","Estimation FAO",""
"FS","Données de la sécurité alimentaire","235","Ouzbékistan","6128","Valeur","21057","Besoins énergétiques alimentaires moyens (kcal/personne/jour)","2017","2017","Kcal/personne/jour","2372","F","Estimation FAO",""
"FS","Données de la sécurité alimentaire","165","Pakistan","6128","Valeur","21056","Besoins énergétiques alimentaires minimaux (kcal/personne/jour)","2017","2017","Kcal/personne/jour","1748","F","Estimation FAO",""
"FS","Données de la sécurité alimentaire","165","Pakistan","6128","Valeur","21057","Besoins énergétiques alimentaires moyens (kcal/personne/jour)","2017","2017","Kcal/personne/jour","2242","F","Estimation FAO",""
"FS","Données de la sécurité alimentaire","180","Palaos","6128","Valeur","21056","Besoins énergétiques alimentaires minimaux (kcal/personne/jour)","2017","2017","Kcal/personne/jour","","F","Estimation FAO",""
"FS","Données de la sécurité alimentaire","180","Palaos","6128","Valeur","21057","Besoins énergétiques alimentaires moyens (kcal/personne/jour)","2017","2017","Kcal/personne/jour","","F","Estimation FAO",""
"FS","Données de la sécurité alimentaire","299","Palestine","6128","Valeur","21056","Besoins énergétiques alimentaires minimaux (kcal/personne/jour)","2017","2017","Kcal/personne/jour","1732","F","Estimation FAO",""
"FS","Données de la sécurité alimentaire","299","Palestine","6128","Valeur","21057","Besoins énergétiques alimentaires moyens (kcal/personne/jour)","2017","2017","Kcal/personne/jour","2223","F","Estimation FAO",""
"FS","Données de la sécurité alimentaire","166","Panama","6128","Valeur","21056","Besoins énergétiques alimentaires minimaux (kcal/personne/jour)","2017","2017","Kcal/personne/jour","1783","F","Estimation FAO",""
"FS","Données de la sécurité alimentaire","166","Panama","6128","Valeur","21057","Besoins énergétiques alimentaires moyens (kcal/personne/jour)","2017","2017","Kcal/personne/jour","2295","F","Estimation FAO",""
"FS","Données de la sécurité alimentaire","168","Papouasie-Nouvelle-Guinée","6128","Valeur","21056","Besoins énergétiques alimentaires minimaux (kcal/personne/jour)","2017","2017","Kcal/personne/jour","1722","F","Estimation FAO",""
"FS","Données de la sécurité alimentaire","168","Papouasie-Nouvelle-Guinée","6128","Valeur","21057","Besoins énergétiques alimentaires moyens (kcal/personne/jour)","2017","2017","Kcal/personne/jour","2205","F","Estimation FAO",""
"FS","Données de la sécurité alimentaire","169","Paraguay","6128","Valeur","21056","Besoins énergétiques alimentaires minimaux (kcal/personne/jour)","2017","2017","Kcal/personne/jour","1827","F","Estimation FAO",""
"FS","Données de la sécurité alimentaire","169","Paraguay","6128","Valeur","21057","Besoins énergétiques alimentaires moyens (kcal/personne/jour)","2017","2017","Kcal/personne/jour","2363","F","Estimation FAO",""
"FS","Données de la sécurité alimentaire","150","Pays-Bas","6128","Valeur","21056","Besoins énergétiques alimentaires minimaux (kcal/personne/jour)","2017","2017","Kcal/personne/jour","1971","F","Estimation FAO",""
"FS","Données de la sécurité alimentaire","150","Pays-Bas","6128","Valeur","21057","Besoins énergétiques alimentaires moyens (kcal/personne/jour)","2017","2017","Kcal/personne/jour","2577","F","Estimation FAO",""
"FS","Données de la sécurité alimentaire","170","Pérou","6128","Valeur","21056","Besoins énergétiques alimentaires minimaux (kcal/personne/jour)","2017","2017","Kcal/personne/jour","1790","F","Estimation FAO",""
"FS","Données de la sécurité alimentaire","170","Pérou","6128","Valeur","21057","Besoins énergétiques alimentaires moyens (kcal/personne/jour)","2017","2017","Kcal/personne/jour","2306","F","Estimation FAO",""
"FS","Données de la sécurité alimentaire","171","Philippines","6128","Valeur","21056","Besoins énergétiques alimentaires minimaux (kcal/personne/jour)","2017","2017","Kcal/personne/jour","1742","F","Estimation FAO",""
"FS","Données de la sécurité alimentaire","171","Philippines","6128","Valeur","21057","Besoins énergétiques alimentaires moyens (kcal/personne/jour)","2017","2017","Kcal/personne/jour","2234","F","Estimation FAO",""
"FS","Données de la sécurité alimentaire","173","Pologne","6128","Valeur","21056","Besoins énergétiques alimentaires minimaux (kcal/personne/jour)","2017","2017","Kcal/personne/jour","1930","F","Estimation FAO",""
"FS","Données de la sécurité alimentaire","173","Pologne","6128","Valeur","21057","Besoins énergétiques alimentaires moyens (kcal/personne/jour)","2017","2017","Kcal/personne/jour","2513","F","Estimation FAO",""
"FS","Données de la sécurité alimentaire","70","Polynésie française","6128","Valeur","21056","Besoins énergétiques alimentaires minimaux (kcal/personne/jour)","2017","2017","Kcal/personne/jour","1881","F","Estimation FAO",""
"FS","Données de la sécurité alimentaire","70","Polynésie française","6128","Valeur","21057","Besoins énergétiques alimentaires moyens (kcal/personne/jour)","2017","2017","Kcal/personne/jour","2438","F","Estimation FAO",""
"FS","Données de la sécurité alimentaire","177","Porto Rico","6128","Valeur","21056","Besoins énergétiques alimentaires minimaux (kcal/personne/jour)","2017","2017","Kcal/personne/jour","1900","F","Estimation FAO",""
"FS","Données de la sécurité alimentaire","177","Porto Rico","6128","Valeur","21057","Besoins énergétiques alimentaires moyens (kcal/personne/jour)","2017","2017","Kcal/personne/jour","2474","F","Estimation FAO",""
"FS","Données de la sécurité alimentaire","174","Portugal","6128","Valeur","21056","Besoins énergétiques alimentaires minimaux (kcal/personne/jour)","2017","2017","Kcal/personne/jour","1914","F","Estimation FAO",""
"FS","Données de la sécurité alimentaire","174","Portugal","6128","Valeur","21057","Besoins énergétiques alimentaires moyens (kcal/personne/jour)","2017","2017","Kcal/personne/jour","2492","F","Estimation FAO",""
"FS","Données de la sécurité alimentaire","179","Qatar","6128","Valeur","21056","Besoins énergétiques alimentaires minimaux (kcal/personne/jour)","2017","2017","Kcal/personne/jour","2063","F","Estimation FAO",""
"FS","Données de la sécurité alimentaire","179","Qatar","6128","Valeur","21057","Besoins énergétiques alimentaires moyens (kcal/personne/jour)","2017","2017","Kcal/personne/jour","2698","F","Estimation FAO",""
"FS","Données de la sécurité alimentaire","212","République arabe syrienne","6128","Valeur","21056","Besoins énergétiques alimentaires minimaux (kcal/personne/jour)","2017","2017","Kcal/personne/jour","1815","F","Estimation FAO",""
"FS","Données de la sécurité alimentaire","212","République arabe syrienne","6128","Valeur","21057","Besoins énergétiques alimentaires moyens (kcal/personne/jour)","2017","2017","Kcal/personne/jour","2344","F","Estimation FAO",""
"FS","Données de la sécurité alimentaire","37","République centrafricaine","6128","Valeur","21056","Besoins énergétiques alimentaires minimaux (kcal/personne/jour)","2017","2017","Kcal/personne/jour","1702","F","Estimation FAO",""
"FS","Données de la sécurité alimentaire","37","République centrafricaine","6128","Valeur","21057","Besoins énergétiques alimentaires moyens (kcal/personne/jour)","2017","2017","Kcal/personne/jour","2168","F","Estimation FAO",""
"FS","Données de la sécurité alimentaire","117","République de Corée","6128","Valeur","21056","Besoins énergétiques alimentaires minimaux (kcal/personne/jour)","2017","2017","Kcal/personne/jour","1896","F","Estimation FAO",""
"FS","Données de la sécurité alimentaire","117","République de Corée","6128","Valeur","21057","Besoins énergétiques alimentaires moyens (kcal/personne/jour)","2017","2017","Kcal/personne/jour","2463","F","Estimation FAO",""
"FS","Données de la sécurité alimentaire","146","République de Moldova","6128","Valeur","21056","Besoins énergétiques alimentaires minimaux (kcal/personne/jour)","2017","2017","Kcal/personne/jour","","F","Estimation FAO",""
"FS","Données de la sécurité alimentaire","146","République de Moldova","6128","Valeur","21057","Besoins énergétiques alimentaires moyens (kcal/personne/jour)","2017","2017","Kcal/personne/jour","","F","Estimation FAO",""
"FS","Données de la sécurité alimentaire","250","République démocratique du Congo","6128","Valeur","21056","Besoins énergétiques alimentaires minimaux (kcal/personne/jour)","2017","2017","Kcal/personne/jour","1662","F","Estimation FAO",""
"FS","Données de la sécurité alimentaire","250","République démocratique du Congo","6128","Valeur","21057","Besoins énergétiques alimentaires moyens (kcal/personne/jour)","2017","2017","Kcal/personne/jour","2109","F","Estimation FAO",""
"FS","Données de la sécurité alimentaire","120","République démocratique populaire lao","6128","Valeur","21056","Besoins énergétiques alimentaires minimaux (kcal/personne/jour)","2017","2017","Kcal/personne/jour","1810","F","Estimation FAO",""
"FS","Données de la sécurité alimentaire","120","République démocratique populaire lao","6128","Valeur","21057","Besoins énergétiques alimentaires moyens (kcal/personne/jour)","2017","2017","Kcal/personne/jour","2333","F","Estimation FAO",""
"FS","Données de la sécurité alimentaire","56","République dominicaine","6128","Valeur","21056","Besoins énergétiques alimentaires minimaux (kcal/personne/jour)","2017","2017","Kcal/personne/jour","1845","F","Estimation FAO",""
"FS","Données de la sécurité alimentaire","56","République dominicaine","6128","Valeur","21057","Besoins énergétiques alimentaires moyens (kcal/personne/jour)","2017","2017","Kcal/personne/jour","2386","F","Estimation FAO",""
"FS","Données de la sécurité alimentaire","116","République populaire démocratique de Corée","6128","Valeur","21056","Besoins énergétiques alimentaires minimaux (kcal/personne/jour)","2017","2017","Kcal/personne/jour","1856","F","Estimation FAO",""
"FS","Données de la sécurité alimentaire","116","République populaire démocratique de Corée","6128","Valeur","21057","Besoins énergétiques alimentaires moyens (kcal/personne/jour)","2017","2017","Kcal/personne/jour","2403","F","Estimation FAO",""
"FS","Données de la sécurité alimentaire","215","République-Unie de Tanzanie","6128","Valeur","21056","Besoins énergétiques alimentaires minimaux (kcal/personne/jour)","2017","2017","Kcal/personne/jour","1677","F","Estimation FAO",""
"FS","Données de la sécurité alimentaire","215","République-Unie de Tanzanie","6128","Valeur","21057","Besoins énergétiques alimentaires moyens (kcal/personne/jour)","2017","2017","Kcal/personne/jour","2133","F","Estimation FAO",""
"FS","Données de la sécurité alimentaire","183","Roumanie","6128","Valeur","21056","Besoins énergétiques alimentaires minimaux (kcal/personne/jour)","2017","2017","Kcal/personne/jour","1916","F","Estimation FAO",""
"FS","Données de la sécurité alimentaire","183","Roumanie","6128","Valeur","21057","Besoins énergétiques alimentaires moyens (kcal/personne/jour)","2017","2017","Kcal/personne/jour","2494","F","Estimation FAO",""
"FS","Données de la sécurité alimentaire","229","Royaume-Uni de Grande-Bretagne et d'Irlande du Nord","6128","Valeur","21056","Besoins énergétiques alimentaires minimaux (kcal/personne/jour)","2017","2017","Kcal/personne/jour","1912","F","Estimation FAO",""
"FS","Données de la sécurité alimentaire","229","Royaume-Uni de Grande-Bretagne et d'Irlande du Nord","6128","Valeur","21057","Besoins énergétiques alimentaires moyens (kcal/personne/jour)","2017","2017","Kcal/personne/jour","2488","F","Estimation FAO",""
"FS","Données de la sécurité alimentaire","184","Rwanda","6128","Valeur","21056","Besoins énergétiques alimentaires minimaux (kcal/personne/jour)","2017","2017","Kcal/personne/jour","1727","F","Estimation FAO",""
"FS","Données de la sécurité alimentaire","184","Rwanda","6128","Valeur","21057","Besoins énergétiques alimentaires moyens (kcal/personne/jour)","2017","2017","Kcal/personne/jour","2208","F","Estimation FAO",""
"FS","Données de la sécurité alimentaire","189","Sainte-Lucie","6128","Valeur","21056","Besoins énergétiques alimentaires minimaux (kcal/personne/jour)","2017","2017","Kcal/personne/jour","1922","F","Estimation FAO",""
"FS","Données de la sécurité alimentaire","189","Sainte-Lucie","6128","Valeur","21057","Besoins énergétiques alimentaires moyens (kcal/personne/jour)","2017","2017","Kcal/personne/jour","2502","F","Estimation FAO",""
"FS","Données de la sécurité alimentaire","188","Saint-Kitts-et-Nevis","6128","Valeur","21056","Besoins énergétiques alimentaires minimaux (kcal/personne/jour)","2017","2017","Kcal/personne/jour","1889","F","Estimation FAO",""
"FS","Données de la sécurité alimentaire","188","Saint-Kitts-et-Nevis","6128","Valeur","21057","Besoins énergétiques alimentaires moyens (kcal/personne/jour)","2017","2017","Kcal/personne/jour","1889","F","Estimation FAO",""
"FS","Données de la sécurité alimentaire","191","Saint-Vincent-et-les Grenadines","6128","Valeur","21056","Besoins énergétiques alimentaires minimaux (kcal/personne/jour)","2017","2017","Kcal/personne/jour","1897","F","Estimation FAO",""
"FS","Données de la sécurité alimentaire","191","Saint-Vincent-et-les Grenadines","6128","Valeur","21057","Besoins énergétiques alimentaires moyens (kcal/personne/jour)","2017","2017","Kcal/personne/jour","2463","F","Estimation FAO",""
"FS","Données de la sécurité alimentaire","244","Samoa","6128","Valeur","21056","Besoins énergétiques alimentaires minimaux (kcal/personne/jour)","2017","2017","Kcal/personne/jour","1815","F","Estimation FAO",""
"FS","Données de la sécurité alimentaire","244","Samoa","6128","Valeur","21057","Besoins énergétiques alimentaires moyens (kcal/personne/jour)","2017","2017","Kcal/personne/jour","2331","F","Estimation FAO",""
"FS","Données de la sécurité alimentaire","5","Samoa américaines","6128","Valeur","21056","Besoins énergétiques alimentaires minimaux (kcal/personne/jour)","2017","2017","Kcal/personne/jour","","F","Estimation FAO",""
"FS","Données de la sécurité alimentaire","5","Samoa américaines","6128","Valeur","21057","Besoins énergétiques alimentaires moyens (kcal/personne/jour)","2017","2017","Kcal/personne/jour","","F","Estimation FAO",""
"FS","Données de la sécurité alimentaire","193","Sao Tomé-et-Principe","6128","Valeur","21056","Besoins énergétiques alimentaires minimaux (kcal/personne/jour)","2017","2017","Kcal/personne/jour","1748","F","Estimation FAO",""
"FS","Données de la sécurité alimentaire","193","Sao Tomé-et-Principe","6128","Valeur","21057","Besoins énergétiques alimentaires moyens (kcal/personne/jour)","2017","2017","Kcal/personne/jour","2233","F","Estimation FAO",""
"FS","Données de la sécurité alimentaire","195","Sénégal","6128","Valeur","21056","Besoins énergétiques alimentaires minimaux (kcal/personne/jour)","2017","2017","Kcal/personne/jour","1747","F","Estimation FAO",""
"FS","Données de la sécurité alimentaire","195","Sénégal","6128","Valeur","21057","Besoins énergétiques alimentaires moyens (kcal/personne/jour)","2017","2017","Kcal/personne/jour","2232","F","Estimation FAO",""
"FS","Données de la sécurité alimentaire","272","Serbie","6128","Valeur","21056","Besoins énergétiques alimentaires minimaux (kcal/personne/jour)","2017","2017","Kcal/personne/jour","1915","F","Estimation FAO",""
"FS","Données de la sécurité alimentaire","272","Serbie","6128","Valeur","21057","Besoins énergétiques alimentaires moyens (kcal/personne/jour)","2017","2017","Kcal/personne/jour","2493","F","Estimation FAO",""
"FS","Données de la sécurité alimentaire","196","Seychelles","6128","Valeur","21056","Besoins énergétiques alimentaires minimaux (kcal/personne/jour)","2017","2017","Kcal/personne/jour","1849","F","Estimation FAO",""
"FS","Données de la sécurité alimentaire","196","Seychelles","6128","Valeur","21057","Besoins énergétiques alimentaires moyens (kcal/personne/jour)","2017","2017","Kcal/personne/jour","2389","F","Estimation FAO",""
"FS","Données de la sécurité alimentaire","197","Sierra Leone","6128","Valeur","21056","Besoins énergétiques alimentaires minimaux (kcal/personne/jour)","2017","2017","Kcal/personne/jour","1734","F","Estimation FAO",""
"FS","Données de la sécurité alimentaire","197","Sierra Leone","6128","Valeur","21057","Besoins énergétiques alimentaires moyens (kcal/personne/jour)","2017","2017","Kcal/personne/jour","2216","F","Estimation FAO",""
"FS","Données de la sécurité alimentaire","200","Singapour","6128","Valeur","21056","Besoins énergétiques alimentaires minimaux (kcal/personne/jour)","2017","2017","Kcal/personne/jour","1919","F","Estimation FAO",""
"FS","Données de la sécurité alimentaire","200","Singapour","6128","Valeur","21057","Besoins énergétiques alimentaires moyens (kcal/personne/jour)","2017","2017","Kcal/personne/jour","2496","F","Estimation FAO",""
"FS","Données de la sécurité alimentaire","199","Slovaquie","6128","Valeur","21056","Besoins énergétiques alimentaires minimaux (kcal/personne/jour)","2017","2017","Kcal/personne/jour","1952","F","Estimation FAO",""
"FS","Données de la sécurité alimentaire","199","Slovaquie","6128","Valeur","21057","Besoins énergétiques alimentaires moyens (kcal/personne/jour)","2017","2017","Kcal/personne/jour","2545","F","Estimation FAO",""
"FS","Données de la sécurité alimentaire","198","Slovénie","6128","Valeur","21056","Besoins énergétiques alimentaires minimaux (kcal/personne/jour)","2017","2017","Kcal/personne/jour","1915","F","Estimation FAO",""
"FS","Données de la sécurité alimentaire","198","Slovénie","6128","Valeur","21057","Besoins énergétiques alimentaires moyens (kcal/personne/jour)","2017","2017","Kcal/personne/jour","2490","F","Estimation FAO",""
"FS","Données de la sécurité alimentaire","201","Somalie","6128","Valeur","21056","Besoins énergétiques alimentaires minimaux (kcal/personne/jour)","2017","2017","Kcal/personne/jour","1713","F","Estimation FAO",""
"FS","Données de la sécurité alimentaire","201","Somalie","6128","Valeur","21057","Besoins énergétiques alimentaires moyens (kcal/personne/jour)","2017","2017","Kcal/personne/jour","2188","F","Estimation FAO",""
"FS","Données de la sécurité alimentaire","276","Soudan","6128","Valeur","21056","Besoins énergétiques alimentaires minimaux (kcal/personne/jour)","2017","2017","Kcal/personne/jour","1732","F","Estimation FAO",""
"FS","Données de la sécurité alimentaire","276","Soudan","6128","Valeur","21057","Besoins énergétiques alimentaires moyens (kcal/personne/jour)","2017","2017","Kcal/personne/jour","2213","F","Estimation FAO",""
"FS","Données de la sécurité alimentaire","277","Soudan du Sud","6128","Valeur","21056","Besoins énergétiques alimentaires minimaux (kcal/personne/jour)","2017","2017","Kcal/personne/jour","1721","F","Estimation FAO",""
"FS","Données de la sécurité alimentaire","277","Soudan du Sud","6128","Valeur","21057","Besoins énergétiques alimentaires moyens (kcal/personne/jour)","2017","2017","Kcal/personne/jour","2196","F","Estimation FAO",""
"FS","Données de la sécurité alimentaire","38","Sri Lanka","6128","Valeur","21056","Besoins énergétiques alimentaires minimaux (kcal/personne/jour)","2017","2017","Kcal/personne/jour","1779","F","Estimation FAO",""
"FS","Données de la sécurité alimentaire","38","Sri Lanka","6128","Valeur","21057","Besoins énergétiques alimentaires moyens (kcal/personne/jour)","2017","2017","Kcal/personne/jour","2290","F","Estimation FAO",""
"FS","Données de la sécurité alimentaire","210","Suède","6128","Valeur","21056","Besoins énergétiques alimentaires minimaux (kcal/personne/jour)","2017","2017","Kcal/personne/jour","1940","F","Estimation FAO",""
"FS","Données de la sécurité alimentaire","210","Suède","6128","Valeur","21057","Besoins énergétiques alimentaires moyens (kcal/personne/jour)","2017","2017","Kcal/personne/jour","2532","F","Estimation FAO",""
"FS","Données de la sécurité alimentaire","211","Suisse","6128","Valeur","21056","Besoins énergétiques alimentaires minimaux (kcal/personne/jour)","2017","2017","Kcal/personne/jour","1961","F","Estimation FAO",""
"FS","Données de la sécurité alimentaire","211","Suisse","6128","Valeur","21057","Besoins énergétiques alimentaires moyens (kcal/personne/jour)","2017","2017","Kcal/personne/jour","2561","F","Estimation FAO",""
"FS","Données de la sécurité alimentaire","207","Suriname","6128","Valeur","21056","Besoins énergétiques alimentaires minimaux (kcal/personne/jour)","2017","2017","Kcal/personne/jour","1837","F","Estimation FAO",""
"FS","Données de la sécurité alimentaire","207","Suriname","6128","Valeur","21057","Besoins énergétiques alimentaires moyens (kcal/personne/jour)","2017","2017","Kcal/personne/jour","2372","F","Estimation FAO",""
"FS","Données de la sécurité alimentaire","208","Tadjikistan","6128","Valeur","21056","Besoins énergétiques alimentaires minimaux (kcal/personne/jour)","2017","2017","Kcal/personne/jour","","F","Estimation FAO",""
"FS","Données de la sécurité alimentaire","208","Tadjikistan","6128","Valeur","21057","Besoins énergétiques alimentaires moyens (kcal/personne/jour)","2017","2017","Kcal/personne/jour","","F","Estimation FAO",""
"FS","Données de la sécurité alimentaire","39","Tchad","6128","Valeur","21056","Besoins énergétiques alimentaires minimaux (kcal/personne/jour)","2017","2017","Kcal/personne/jour","1705","F","Estimation FAO",""
"FS","Données de la sécurité alimentaire","39","Tchad","6128","Valeur","21057","Besoins énergétiques alimentaires moyens (kcal/personne/jour)","2017","2017","Kcal/personne/jour","2169","F","Estimation FAO",""
"FS","Données de la sécurité alimentaire","167","Tchéquie","6128","Valeur","21056","Besoins énergétiques alimentaires minimaux (kcal/personne/jour)","2017","2017","Kcal/personne/jour","1942","F","Estimation FAO",""
"FS","Données de la sécurité alimentaire","167","Tchéquie","6128","Valeur","21057","Besoins énergétiques alimentaires moyens (kcal/personne/jour)","2017","2017","Kcal/personne/jour","2532","F","Estimation FAO",""
"FS","Données de la sécurité alimentaire","216","Thaïlande","6128","Valeur","21056","Besoins énergétiques alimentaires minimaux (kcal/personne/jour)","2017","2017","Kcal/personne/jour","1885","F","Estimation FAO",""
"FS","Données de la sécurité alimentaire","216","Thaïlande","6128","Valeur","21057","Besoins énergétiques alimentaires moyens (kcal/personne/jour)","2017","2017","Kcal/personne/jour","2445","F","Estimation FAO",""
"FS","Données de la sécurité alimentaire","176","Timor-Leste","6128","Valeur","21056","Besoins énergétiques alimentaires minimaux (kcal/personne/jour)","2017","2017","Kcal/personne/jour","1706","F","Estimation FAO",""
"FS","Données de la sécurité alimentaire","176","Timor-Leste","6128","Valeur","21057","Besoins énergétiques alimentaires moyens (kcal/personne/jour)","2017","2017","Kcal/personne/jour","2185","F","Estimation FAO",""
"FS","Données de la sécurité alimentaire","217","Togo","6128","Valeur","21056","Besoins énergétiques alimentaires minimaux (kcal/personne/jour)","2017","2017","Kcal/personne/jour","1740","F","Estimation FAO",""
"FS","Données de la sécurité alimentaire","217","Togo","6128","Valeur","21057","Besoins énergétiques alimentaires moyens (kcal/personne/jour)","2017","2017","Kcal/personne/jour","2224","F","Estimation FAO",""
"FS","Données de la sécurité alimentaire","218","Tokélaou","6128","Valeur","21056","Besoins énergétiques alimentaires minimaux (kcal/personne/jour)","2017","2017","Kcal/personne/jour","","F","Estimation FAO",""
"FS","Données de la sécurité alimentaire","218","Tokélaou","6128","Valeur","21057","Besoins énergétiques alimentaires moyens (kcal/personne/jour)","2017","2017","Kcal/personne/jour","","F","Estimation FAO",""
"FS","Données de la sécurité alimentaire","219","Tonga","6128","Valeur","21056","Besoins énergétiques alimentaires minimaux (kcal/personne/jour)","2017","2017","Kcal/personne/jour","1838","F","Estimation FAO",""
"FS","Données de la sécurité alimentaire","219","Tonga","6128","Valeur","21057","Besoins énergétiques alimentaires moyens (kcal/personne/jour)","2017","2017","Kcal/personne/jour","2367","F","Estimation FAO",""
"FS","Données de la sécurité alimentaire","220","Trinité-et-Tobago","6128","Valeur","21056","Besoins énergétiques alimentaires minimaux (kcal/personne/jour)","2017","2017","Kcal/personne/jour","1871","F","Estimation FAO",""
"FS","Données de la sécurité alimentaire","220","Trinité-et-Tobago","6128","Valeur","21057","Besoins énergétiques alimentaires moyens (kcal/personne/jour)","2017","2017","Kcal/personne/jour","2423","F","Estimation FAO",""
"FS","Données de la sécurité alimentaire","222","Tunisie","6128","Valeur","21056","Besoins énergétiques alimentaires minimaux (kcal/personne/jour)","2017","2017","Kcal/personne/jour","1818","F","Estimation FAO",""
"FS","Données de la sécurité alimentaire","222","Tunisie","6128","Valeur","21057","Besoins énergétiques alimentaires moyens (kcal/personne/jour)","2017","2017","Kcal/personne/jour","2345","F","Estimation FAO",""
"FS","Données de la sécurité alimentaire","213","Turkménistan","6128","Valeur","21056","Besoins énergétiques alimentaires minimaux (kcal/personne/jour)","2017","2017","Kcal/personne/jour","1783","F","Estimation FAO",""
"FS","Données de la sécurité alimentaire","213","Turkménistan","6128","Valeur","21057","Besoins énergétiques alimentaires moyens (kcal/personne/jour)","2017","2017","Kcal/personne/jour","2294","F","Estimation FAO",""
"FS","Données de la sécurité alimentaire","223","Turquie","6128","Valeur","21056","Besoins énergétiques alimentaires minimaux (kcal/personne/jour)","2017","2017","Kcal/personne/jour","1850","F","Estimation FAO",""
"FS","Données de la sécurité alimentaire","223","Turquie","6128","Valeur","21057","Besoins énergétiques alimentaires moyens (kcal/personne/jour)","2017","2017","Kcal/personne/jour","2392","F","Estimation FAO",""
"FS","Données de la sécurité alimentaire","227","Tuvalu","6128","Valeur","21056","Besoins énergétiques alimentaires minimaux (kcal/personne/jour)","2017","2017","Kcal/personne/jour","","F","Estimation FAO",""
"FS","Données de la sécurité alimentaire","227","Tuvalu","6128","Valeur","21057","Besoins énergétiques alimentaires moyens (kcal/personne/jour)","2017","2017","Kcal/personne/jour","","F","Estimation FAO",""
"FS","Données de la sécurité alimentaire","230","Ukraine","6128","Valeur","21056","Besoins énergétiques alimentaires minimaux (kcal/personne/jour)","2017","2017","Kcal/personne/jour","1908","F","Estimation FAO",""
"FS","Données de la sécurité alimentaire","230","Ukraine","6128","Valeur","21057","Besoins énergétiques alimentaires moyens (kcal/personne/jour)","2017","2017","Kcal/personne/jour","2478","F","Estimation FAO",""
"FS","Données de la sécurité alimentaire","234","Uruguay","6128","Valeur","21056","Besoins énergétiques alimentaires minimaux (kcal/personne/jour)","2017","2017","Kcal/personne/jour","1861","F","Estimation FAO",""
"FS","Données de la sécurité alimentaire","234","Uruguay","6128","Valeur","21057","Besoins énergétiques alimentaires moyens (kcal/personne/jour)","2017","2017","Kcal/personne/jour","2413","F","Estimation FAO",""
"FS","Données de la sécurité alimentaire","155","Vanuatu","6128","Valeur","21056","Besoins énergétiques alimentaires minimaux (kcal/personne/jour)","2017","2017","Kcal/personne/jour","1695","F","Estimation FAO",""
"FS","Données de la sécurité alimentaire","155","Vanuatu","6128","Valeur","21057","Besoins énergétiques alimentaires moyens (kcal/personne/jour)","2017","2017","Kcal/personne/jour","2164","F","Estimation FAO",""
"FS","Données de la sécurité alimentaire","236","Venezuela (République bolivarienne du)","6128","Valeur","21056","Besoins énergétiques alimentaires minimaux (kcal/personne/jour)","2017","2017","Kcal/personne/jour","1817","F","Estimation FAO",""
"FS","Données de la sécurité alimentaire","236","Venezuela (République bolivarienne du)","6128","Valeur","21057","Besoins énergétiques alimentaires moyens (kcal/personne/jour)","2017","2017","Kcal/personne/jour","2341","F","Estimation FAO",""
"FS","Données de la sécurité alimentaire","237","Viet Nam","6128","Valeur","21056","Besoins énergétiques alimentaires minimaux (kcal/personne/jour)","2017","2017","Kcal/personne/jour","1785","F","Estimation FAO",""
"FS","Données de la sécurité alimentaire","237","Viet Nam","6128","Valeur","21057","Besoins énergétiques alimentaires moyens (kcal/personne/jour)","2017","2017","Kcal/personne/jour","2299","F","Estimation FAO",""
"FS","Données de la sécurité alimentaire","249","Yémen","6128","Valeur","21056","Besoins énergétiques alimentaires minimaux (kcal/personne/jour)","2017","2017","Kcal/personne/jour","1703","F","Estimation FAO",""
"FS","Données de la sécurité alimentaire","249","Yémen","6128","Valeur","21057","Besoins énergétiques alimentaires moyens (kcal/personne/jour)","2017","2017","Kcal/personne/jour","2174","F","Estimation FAO",""
"FS","Données de la sécurité alimentaire","251","Zambie","6128","Valeur","21056","Besoins énergétiques alimentaires minimaux (kcal/personne/jour)","2017","2017","Kcal/personne/jour","","F","Estimation FAO",""
"FS","Données de la sécurité alimentaire","251","Zambie","6128","Valeur","21057","Besoins énergétiques alimentaires moyens (kcal/personne/jour)","2017","2017","Kcal/personne/jour","","F","Estimation FAO",""
"FS","Données de la sécurité alimentaire","181","Zimbabwe","6128","Valeur","21056","Besoins énergétiques alimentaires minimaux (kcal/personne/jour)","2017","2017","Kcal/personne/jour","1734","F","Estimation FAO",""
"FS","Données de la sécurité alimentaire","181","Zimbabwe","6128","Valeur","21057","Besoins énergétiques alimentaires moyens (kcal/personne/jour)","2017","2017","Kcal/personne/jour","2216","F","Estimation FAO",""
